<?xml version="1.0" encoding="UTF-8" standalone="no"?>
<pack>
    <snippet actorid="0" attachedevent="true" class="scripts.ActorEvents_0" classname="scripts.ActorEvents_0" desc="Actor Specific Events" description="Actor Specific Events" design="true" drawOrder="0" id="0" name="ActorEvents_0" oid="-1" package="scripts." shared="false" type="actor">
        <blocks/>
        <events>
            <event displayName="Actor - Group" enabled="true" id="1" name="event-collide-actortogroup" order="1" repeats="true"/>
        </events>
    </snippet>
    <snippet actorid="2" attachedevent="true" class="scripts.ActorEvents_2" classname="scripts.ActorEvents_2" desc="Actor Specific Events" description="Actor Specific Events" design="true" drawOrder="0" id="1" name="ActorEvents_2" oid="-1" package="scripts." shared="false" type="actor">
        <blocks/>
        <events/>
    </snippet>
    <snippet actorid="4" attachedevent="true" class="scripts.ActorEvents_4" classname="scripts.ActorEvents_4" desc="Actor Specific Events" description="Actor Specific Events" design="true" drawOrder="0" id="2" name="ActorEvents_4" oid="-1" package="scripts." shared="false" type="actor">
        <blocks/>
        <events/>
    </snippet>
    <snippet actorid="6" attachedevent="true" class="scripts.ActorEvents_6" classname="scripts.ActorEvents_6" desc="Actor Specific Events" description="Actor Specific Events" design="true" drawOrder="0" id="3" name="ActorEvents_6" oid="-1" package="scripts." shared="false" type="actor">
        <blocks/>
        <events/>
    </snippet>
    <snippet actorid="10" attachedevent="true" class="scripts.ActorEvents_10" classname="scripts.ActorEvents_10" desc="Actor Specific Events" description="Actor Specific Events" design="true" drawOrder="0" id="5" name="ActorEvents_10" oid="-1" package="scripts." shared="false" type="actor">
        <blocks/>
        <events/>
    </snippet>
    <snippet actorid="14" attachedevent="true" class="scripts.ActorEvents_14" classname="scripts.ActorEvents_14" desc="Actor Specific Events" description="Actor Specific Events" design="true" drawOrder="0" id="7" name="ActorEvents_14" oid="-1" package="scripts." shared="false" type="actor">
        <blocks/>
        <events>
            <event displayName="Actor - Group" enabled="true" id="1" name="event-collide-actortogroup" order="1" repeats="false"/>
            <event displayName="Enters Screen" enabled="true" id="2" name="event-actor-screen" order="2" repeats="true"/>
        </events>
    </snippet>
    <snippet actorid="16" attachedevent="true" class="scripts.ActorEvents_16" classname="scripts.ActorEvents_16" desc="Actor Specific Events" description="Actor Specific Events" design="true" drawOrder="0" id="8" name="ActorEvents_16" oid="-1" package="scripts." shared="false" type="actor">
        <blocks/>
        <events>
            <event displayName="Created" enabled="true" id="1" name="init" order="1" repeats="true"/>
            <event displayName="Actor - Group" enabled="true" id="2" name="event-collide-actortogroup" order="2" repeats="true"/>
        </events>
    </snippet>
    <snippet actorid="19" attachedevent="true" class="scripts.ActorEvents_19" classname="scripts.ActorEvents_19" desc="Actor Specific Events" description="Actor Specific Events" design="true" drawOrder="0" id="10" name="ActorEvents_19" oid="-1" package="scripts." shared="false" type="actor">
        <blocks/>
        <events>
            <event displayName="Actor - Group" enabled="true" id="1" name="event-collide-actortogroup" order="1" repeats="true"/>
        </events>
    </snippet>
    <snippet attachedevent="true" class="scripts.SceneEvents_0" classname="scripts.SceneEvents_0" desc="Scene Specific Events" description="Scene Specific Events" design="true" drawOrder="0" id="11" name="SceneEvents_0" oid="-1" package="scripts." sceneid="0" shared="false" type="scene">
        <blocks/>
        <events>
            <event displayName="CriarInimigos" enabled="true" id="1" name="event-periodic" order="1" repeats="true"/>
            <event displayName="Pontos" enabled="true" id="2" name="draw" order="6" repeats="true"/>
            <event displayName="CriarBob" enabled="true" id="3" name="step" order="7" repeats="true"/>
            <event displayName="Peixe-Frente" enabled="true" id="4" name="event-periodic" order="3" repeats="true"/>
            <event displayName="Peixe-Recuo" enabled="true" id="5" name="event-periodic" order="5" repeats="true"/>
            <event displayName="Musica" enabled="true" id="6" name="init" order="4" repeats="true"/>
        </events>
    </snippet>
    <snippet actorid="24" attachedevent="true" class="scripts.ActorEvents_24" classname="scripts.ActorEvents_24" desc="Actor Specific Events" description="Actor Specific Events" design="true" drawOrder="0" id="12" name="ActorEvents_24" oid="-1" package="scripts." shared="false" type="actor">
        <blocks/>
        <events/>
    </snippet>
    <snippet attachedevent="true" class="scripts.SceneEvents_1" classname="scripts.SceneEvents_1" desc="Scene Specific Events" description="Scene Specific Events" design="true" drawOrder="0" id="13" name="SceneEvents_1" oid="-1" package="scripts." sceneid="1" shared="false" type="scene">
        <blocks/>
        <events>
            <event displayName="On Actor" enabled="true" id="1" name="event-mouse-enter-exit-actor" order="1" repeats="true"/>
            <event displayName="Created" enabled="true" id="2" name="init" order="2" repeats="true"/>
        </events>
    </snippet>
    <snippet attachedevent="false" class="scripts.Design_14_14_movimentoplayer" classname="scripts.Design_14_14_movimentoplayer" desc="" description="" design="true" drawOrder="0" id="14" name="movimentoplayer" oid="-1" package="scripts" shared="false" type="actor">
        <actor default="thisactor" defaultValue="thisactor" desc="" dropdown="" fullname="Actor" hidden="true" id="2147483647" name="actor" order="0"/>
        <animation default="" defaultValue="" desc="" dropdown="" fullname="idle" hidden="false" id="1" name="_idle" order="1"/>
        <animation default="" defaultValue="" desc="" dropdown="" fullname="hurt" hidden="false" id="3" name="_hurt" order="2"/>
        <animation default="" defaultValue="" desc="" dropdown="" fullname="nadardireita" hidden="false" id="4" name="_nadar" order="3"/>
        <animation default="" defaultValue="" desc="" dropdown="" fullname="nadaresquerda" hidden="false" id="5" name="_nadaresquerda" order="4"/>
        <blocks/>
        <events>
            <event displayName="Updating" enabled="true" id="1" name="step" order="1" repeats="true"/>
        </events>
    </snippet>
    <snippet attachedevent="false" class="scripts.Design_15_15_CannotExitScene" classname="scripts.Design_15_15_CannotExitScene" desc="Prevent the actor from leaving the scene.&lt;br /&gt;&lt;br /&gt;&#10;The actor will still be able to leave the &lt;em&gt;screen&lt;/em&gt;, but it cannot leave the &lt;em&gt;scene&lt;/em&gt;." description="Prevent the actor from leaving the scene.&lt;br /&gt;&lt;br /&gt;&#10;The actor will still be able to leave the &lt;em&gt;screen&lt;/em&gt;, but it cannot leave the &lt;em&gt;scene&lt;/em&gt;." design="true" drawOrder="0" id="15" name="Cannot Exit Scene" oid="-1" package="scripts" shared="false" type="actor">
        <actor default="thisactor" defaultValue="thisactor" desc="" dropdown="" fullname="Actor" hidden="true" id="2147483647" name="actor" order="0"/>
        <number default="0.0" defaultValue="0.0" desc="" dropdown="" fullname="Bottom" hidden="true" id="2" name="_Bottom" order="2"/>
        <blocks/>
        <events>
            <event displayName="Updated" enabled="true" id="2" name="step" order="3" repeats="true"/>
            <event displayName="Created" enabled="true" id="3" name="init" order="2" repeats="true"/>
        </events>
    </snippet>
    <snippet attachedevent="false" class="scripts.Design_16_16_CannotExitScreen" classname="scripts.Design_16_16_CannotExitScreen" desc="Prevent the actor from leaving the screen." description="Prevent the actor from leaving the screen." design="true" drawOrder="0" id="16" name="Cannot Exit Screen" oid="-1" package="scripts" shared="false" type="actor">
        <actor default="thisactor" defaultValue="thisactor" desc="" dropdown="" fullname="Actor" hidden="true" id="2147483647" name="actor" order="0"/>
        <blocks/>
        <events>
            <event displayName="Updated" enabled="true" id="2" name="step" order="3" repeats="true"/>
            <event displayName="Created" enabled="true" id="3" name="init" order="2" repeats="true"/>
        </events>
    </snippet>
    <snippet attachedevent="false" class="scripts.Design_17_17_smallenemymove" classname="scripts.Design_17_17_smallenemymove" desc="" description="" design="true" drawOrder="0" id="17" name="smallenemymove" oid="-1" package="scripts" shared="false" type="actor">
        <actor default="thisactor" defaultValue="thisactor" desc="" dropdown="" fullname="Actor" hidden="true" id="2147483647" name="actor" order="2147483647"/>
        <blocks/>
        <events>
            <event displayName="Created" enabled="true" id="1" name="init" order="1" repeats="true"/>
        </events>
    </snippet>
    <snippet attachedevent="false" class="scripts.Design_18_18_DieOnLeavingScreen" classname="scripts.Design_18_18_DieOnLeavingScreen" desc="Attach to an actor to make it die once it leaves the screen." description="Attach to an actor to make it die once it leaves the screen." design="true" drawOrder="0" id="18" name="Die On Leaving Screen" oid="-1" package="scripts" shared="false" type="actor">
        <actor default="thisactor" defaultValue="thisactor" desc="" dropdown="" fullname="Actor" hidden="true" id="2147483647" name="actor" order="0"/>
        <blocks/>
        <events>
            <event displayName="Creation" enabled="true" id="1" name="init" order="1" repeats="true"/>
            <event displayName="Leaves Screen" enabled="true" id="4" name="event-actor-screen" order="4" repeats="true"/>
        </events>
    </snippet>
    <snippet attachedevent="false" class="scripts.Design_19_19_Collisioncoin" classname="scripts.Design_19_19_Collisioncoin" desc="" description="" design="true" drawOrder="0" id="19" name="Collision_coin" oid="-1" package="scripts" shared="false" type="actor">
        <actor default="thisactor" defaultValue="thisactor" desc="" dropdown="" fullname="Actor" hidden="true" id="2147483647" name="actor" order="2147483647"/>
        <blocks/>
        <events>
            <event displayName="Actor - Group" enabled="true" id="3" name="event-collide-actortogroup" order="3" repeats="true"/>
        </events>
    </snippet>
    <snippet attachedevent="true" class="scripts.SceneEvents_2" classname="scripts.SceneEvents_2" desc="Scene Specific Events" description="Scene Specific Events" design="true" drawOrder="0" id="20" name="SceneEvents_2" oid="-1" package="scripts." sceneid="2" shared="false" type="scene">
        <blocks/>
        <events>
            <event displayName="On Actor" enabled="true" id="1" name="event-mouse-enter-exit-actor" order="1" repeats="true"/>
        </events>
    </snippet>
    <snippet actorid="27" attachedevent="true" class="scripts.ActorEvents_27" classname="scripts.ActorEvents_27" desc="Actor Specific Events" description="Actor Specific Events" design="true" drawOrder="0" id="21" name="ActorEvents_27" oid="-1" package="scripts." shared="false" type="actor">
        <blocks/>
        <events/>
    </snippet>
    <snippet attachedevent="true" class="scripts.SceneEvents_3" classname="scripts.SceneEvents_3" desc="Scene Specific Events" description="Scene Specific Events" design="true" drawOrder="0" id="22" name="SceneEvents_3" oid="-1" package="scripts." sceneid="3" shared="false" type="scene">
        <blocks/>
        <events>
            <event displayName="On Actor" enabled="true" id="1" name="event-mouse-enter-exit-actor" order="1" repeats="true"/>
        </events>
    </snippet>
    <snippet attachedevent="false" class="scripts.Design_23_23_AnglerBehavior" classname="scripts.Design_23_23_AnglerBehavior" desc="" description="" design="true" drawOrder="0" id="23" name="AnglerBehavior" oid="-1" package="scripts" shared="false" type="actor">
        <actor default="thisactor" defaultValue="thisactor" desc="" dropdown="" fullname="Actor" hidden="true" id="2147483647" name="actor" order="0"/>
        <animation default="" defaultValue="" desc="" dropdown="" fullname="Bite" hidden="false" id="1" name="_Bite" order="1"/>
        <blocks/>
        <events>
            <event displayName="Updating" enabled="true" id="1" name="step" order="1" repeats="true"/>
        </events>
    </snippet>
    <snippet actorid="29" attachedevent="true" class="scripts.ActorEvents_29" classname="scripts.ActorEvents_29" desc="Actor Specific Events" description="Actor Specific Events" design="true" drawOrder="0" id="24" name="ActorEvents_29" oid="-1" package="scripts." shared="false" type="actor">
        <blocks/>
        <events/>
    </snippet>
    <snippet actorid="31" attachedevent="true" class="scripts.ActorEvents_31" classname="scripts.ActorEvents_31" desc="Actor Specific Events" description="Actor Specific Events" design="true" drawOrder="0" id="25" name="ActorEvents_31" oid="-1" package="scripts." shared="false" type="actor">
        <blocks/>
        <events/>
    </snippet>
    <snippet actorid="33" attachedevent="true" class="scripts.ActorEvents_33" classname="scripts.ActorEvents_33" desc="Actor Specific Events" description="Actor Specific Events" design="true" drawOrder="0" id="26" name="ActorEvents_33" oid="-1" package="scripts." shared="false" type="actor">
        <blocks/>
        <events/>
    </snippet>
    <snippet actorid="35" attachedevent="true" class="scripts.ActorEvents_35" classname="scripts.ActorEvents_35" desc="Actor Specific Events" description="Actor Specific Events" design="true" drawOrder="0" id="27" name="ActorEvents_35" oid="-1" package="scripts." shared="false" type="actor">
        <blocks/>
        <events/>
    </snippet>
</pack>
