<?xml version="1.0" encoding="UTF-8" standalone="no"?>
<scene depth="1" desc="" eventsnippetid="20" extheight="544" extwidth="704" extx="-32" exty="-32" format="3.4.0" gravx="-0.0" gravy="0.0" height="480" id="2" name="Game_Over" revision="" savecount="0" tiled="1" tileh="32" tilew="32" type="standard" width="640">
    <layers>
        <color-bg blue="255" green="255" red="255"/>
        <background blendMode="normal" customScrollFactor="false" id="1" locked="true" name="the sea" opacity="100" order="1" rid="18" scrollFactorX="1.0" scrollFactorY="1.0" visible="true"/>
        <layer blendMode="normal" color="100,168,234" id="0" locked="false" name="Layer 0" opacity="100" order="0" scrollFactorX="1.0" scrollFactorY="1.0" visible="true"/>
    </layers>
    <joints/>
    <regions/>
    <terrainRegions/>
    <actors>
        <actor a="0.0" aid="1" c="false" group="3" id="27" name="retry button 1" sx="0.512" sy="0.512" x="-144" y="-266" z="0"/>
        <actor a="0.0" aid="2" c="false" group="3" id="27" name="retry button 2" sx="0.5739645" sy="0.5739645" x="148" y="253" z="0"/>
        <actor a="0.0" aid="3" c="false" group="3" id="31" name="Lose 3" sx="3.0470588" sy="3.0470588" x="232" y="95" z="0"/>
    </actors>
    <snippets/>
    <terrain/>
    <atlases members="" retainAtlases="true"/>
</scene>
