<?xml version="1.0" encoding="UTF-8" standalone="no"?>
<pack>
    <snippet attachedevent="true" class="scripts.SceneEvents_0" classname="scripts.SceneEvents_0" desc="Scene Specific Events" description="Scene Specific Events" design="true" drawOrder="0" id="0" name="SceneEvents_0" oid="-1" package="scripts." sceneid="0" shared="false" type="scene">
        <number default="1" defaultValue="1" desc="" dropdown="" fullname="enemyWavee" hidden="false" id="2" name="_enemyWavee" order="0"/>
        <number default="1" defaultValue="1" desc="" dropdown="" fullname="wave" hidden="false" id="3" name="_wave" order="1"/>
        <boolean default="true" defaultValue="true" desc="" dropdown="" fullname="createEnemy1" hidden="false" id="4" name="_createEnemy1" order="2"/>
        <blocks/>
        <events>
            <event displayName="Every N secs" enabled="true" id="1" name="event-periodic" order="1" repeats="true"/>
            <event displayName="Drawing" enabled="true" id="2" name="draw" order="3" repeats="true"/>
        </events>
    </snippet>
    <snippet actorid="12" attachedevent="true" class="scripts.ActorEvents_12" classname="scripts.ActorEvents_12" desc="Actor Specific Events" description="Actor Specific Events" design="true" drawOrder="0" id="1" name="ActorEvents_12" oid="-1" package="scripts." shared="false" type="actor">
        <number default="0.0" defaultValue="0.0" desc="" dropdown="" fullname="Speed" hidden="false" id="1" name="_Speed" order="0"/>
        <number default="0.0" defaultValue="0.0" desc="" dropdown="" fullname="Hp" hidden="false" id="2" name="_Hp" order="1"/>
        <blocks/>
        <events>
            <event displayName="Movement" enabled="true" id="1" name="step" order="1" repeats="true"/>
            <event displayName="Setup" enabled="true" id="2" name="init" order="6" repeats="true"/>
            <event displayName="Updating" enabled="true" id="3" name="step" order="3" repeats="true"/>
            <event displayName="Actor - Group" enabled="true" id="4" name="event-collide-actortogroup" order="7" repeats="true"/>
        </events>
    </snippet>
    <snippet actorid="14" attachedevent="true" class="scripts.ActorEvents_14" classname="scripts.ActorEvents_14" desc="Actor Specific Events" description="Actor Specific Events" design="true" drawOrder="0" id="2" name="ActorEvents_14" oid="-1" package="scripts." shared="false" type="actor">
        <blocks/>
        <events>
            <event displayName="Created" enabled="true" id="2" name="init" order="2" repeats="true"/>
            <event displayName="Actor - Type" enabled="true" id="3" name="event-collide-actortotype" order="3" repeats="true"/>
            <event displayName="Updating" enabled="true" id="4" name="step" order="4" repeats="true"/>
        </events>
    </snippet>
    <snippet actorid="16" attachedevent="true" class="scripts.ActorEvents_16" classname="scripts.ActorEvents_16" desc="Actor Specific Events" description="Actor Specific Events" design="true" drawOrder="0" id="3" name="ActorEvents_16" oid="-1" package="scripts." shared="false" type="actor">
        <blocks/>
        <events>
            <event displayName="Enters Screen" enabled="true" id="1" name="event-type-screen" order="1" repeats="false"/>
            <event displayName="Actor - Any" enabled="true" id="2" name="collide" order="2" repeats="false"/>
        </events>
    </snippet>
    <snippet attachedevent="false" class="scripts.Design_4_4_FireBullet" classname="scripts.Design_4_4_FireBullet" desc="Spawn bullets from the actor's position." description="Spawn bullets from the actor's position." design="true" drawOrder="0" id="4" name="Fire Bullet" oid="-1" package="scripts" shared="false" type="actor">
        <text default="" defaultValue="" desc="How to determine the direction of the bullets:&lt;br/&gt;&#10;&lt;br/&gt;&#10;&lt;em&gt;Relative&lt;/em&gt; - Treat &lt;em&gt;Direction&lt;/em&gt; relative to the actor's orientation.&lt;br/&gt;&#10;&lt;em&gt;Absolute&lt;/em&gt; - Treat &lt;em&gt;Direction &lt;/em&gt; as absolute.&lt;br/&gt;&#10;&lt;em&gt;Based on Animations&lt;/em&gt; - Determine the direction based on the current animation." dropdown="Relative=Relative&#10;Absolute=Absolute&#10;Based on Animations=Based on Animations" fullname="Direction Mode" hidden="false" id="32" name="_DirectionMode" order="10"/>
        <actor default="thisactor" defaultValue="thisactor" desc="" dropdown="" fullname="Actor" hidden="true" id="2147483647" name="actor" order="0"/>
        <number default="50.0" defaultValue="50.0" desc="The speed at which the bullets will move." dropdown="" fullname="Bullet Speed" hidden="false" id="2" name="_BulletSpeed" order="9"/>
        <actortype default="" defaultValue="" desc="The bullet actor type to create." dropdown="" fullname="Bullet Type" hidden="false" id="4" name="_BulletType" order="8"/>
        <number default="0.0" defaultValue="0.0" desc="The direction in which the bullet will move.&lt;br/&gt;&#10;Only used if &lt;em&gt;Direction Mode&lt;/em&gt; is &lt;em&gt;Relative&lt;/em&gt; or &lt;em&gt;Absolute&lt;/em&gt;. If &lt;em&gt;Direction Mode&lt;/em&gt; is &lt;em&gt;Based on Animations&lt;/em&gt; the following four attributes determine the direction instead." dropdown="North=-90&#10;North East=-45&#10;East=0&#10;South East=45&#10;South=90&#10;South West=135&#10;West=180&#10;North West=-135" fullname="Direction" hidden="false" id="5" name="_Direction" order="11"/>
        <number default="0.0" defaultValue="0.0" desc="The offset in the direction of movement at which the bullets will be created." dropdown="" fullname="Offset" hidden="false" id="9" name="_Offset" order="16"/>
        <control default="" defaultValue="" desc="" dropdown="" fullname="Fire Control" hidden="false" id="13" name="_FireControl" order="7"/>
        <number default="0.0" defaultValue="0.0" desc="" dropdown="" fullname="Fire Direction" hidden="true" id="15" name="_FireDirection" order="2"/>
        <boolean default="true" defaultValue="true" desc="If selected, holding down the &lt;var&gt;Fire Control&lt;/var&gt; will fire bullets. &lt;br /&gt;&#10;&lt;br /&gt;&#10;You can also trigger the &lt;var&gt;FireBullet&lt;/var&gt; event to fire a bullet." dropdown="" fullname="Use Controls" hidden="false" id="16" name="_UseControls" order="6"/>
        <boolean default="true" defaultValue="true" desc="If selected, holding down the mouse will fire bullets." dropdown="" fullname="Use the Mouse" hidden="false" id="17" name="_UsetheMouse" order="5"/>
        <boolean default="false" defaultValue="false" desc="If selected, no more than &lt;var&gt;Maximum Bullets Alive&lt;/var&gt; can be alive at the same time." dropdown="" fullname="Limit Bullets Alive" hidden="false" id="18" name="_LimitBulletsAlive" order="18"/>
        <number default="1.0" defaultValue="1.0" desc="The maximum number of actors to be alive at the same time. Only used if &lt;var&gt;Limit Bullets Alive&lt;/var&gt; is selected." dropdown="" fullname="Maximum Bullets Alive" hidden="false" id="19" name="_MaximumBulletsAlive" order="19"/>
        <number default="0.0" defaultValue="0.0" desc="" dropdown="" fullname="Bullets Alive" hidden="true" id="20" name="_BulletsAlive" order="3"/>
        <boolean default="false" defaultValue="false" desc="" dropdown="" fullname="Fire" hidden="true" id="21" name="_Fire" order="1"/>
        <boolean default="false" defaultValue="false" desc="" dropdown="" fullname="Wait" hidden="true" id="22" name="_Wait" order="4"/>
        <number default="3.0" defaultValue="3.0" desc="The maximum number of bullets created per second." dropdown="" fullname="Rate Of Fire" hidden="false" id="23" name="_RateOfFire" order="17"/>
        <number default="5.0" defaultValue="5.0" desc="The maximum ammunition the actor can have.&lt;br /&gt;&#10;Only used if &lt;var&gt;Use Ammunition&lt;/var&gt; is selected." dropdown="" fullname="Maximum Ammunition" hidden="false" id="24" name="_MaximumAmmunition" order="21"/>
        <number default="5.0" defaultValue="5.0" desc="The current ammunition the actor has when created.&lt;br /&gt;&#10;Only used if &lt;var&gt;Use Ammunition&lt;/var&gt; is selected.&lt;br/&gt;Trigger the &lt;var&gt;Reload&lt;/var&gt; event to set the current ammunition to the maximum ammunition." dropdown="" fullname="Current Ammunition" hidden="false" id="25" name="_CurrentAmmunition" order="22"/>
        <boolean default="false" defaultValue="false" desc="If selected, the current ammunition will be reduced by one on every shot." dropdown="" fullname="Use Ammunition" hidden="false" id="26" name="_UseAmmunition" order="20"/>
        <text default="" defaultValue="" desc="Shoot up if the current animation name contains this text." dropdown="" fullname="Up Animations" hidden="false" id="28" name="_UpAnimations" order="12"/>
        <text default="" defaultValue="" desc="Shoot down if the current animation name contains this text." dropdown="" fullname="Down Animations" hidden="false" id="29" name="_DownAnimations" order="13"/>
        <text default="" defaultValue="" desc="Shoot left if the current animation name contains this text." dropdown="" fullname="Left Animations" hidden="false" id="30" name="_LeftAnimations" order="14"/>
        <text default="" defaultValue="" desc="Shoot right if the current animation name contains this text." dropdown="" fullname="Right Animations" hidden="false" id="31" name="_RightAnimations" order="15"/>
        <blocks/>
        <events>
            <event displayName="FireBullet" enabled="true" id="6" name="event-custom" order="9" repeats="true"/>
            <event displayName="Updated" enabled="true" id="9" name="step" order="6" repeats="true"/>
            <event displayName="Reload" enabled="true" id="10" name="event-custom" order="10" repeats="true"/>
        </events>
    </snippet>
    <snippet attachedevent="false" class="scripts.Design_5_5_ShootAroundtheClock" classname="scripts.Design_5_5_ShootAroundtheClock" desc="Spawn bullets in all directions from the actor's position." description="Spawn bullets in all directions from the actor's position." design="true" drawOrder="0" id="5" name="Shoot Around the Clock" oid="-1" package="scripts" shared="false" type="actor">
        <actor default="thisactor" defaultValue="thisactor" desc="" dropdown="" fullname="Actor" hidden="true" id="2147483647" name="actor" order="0"/>
        <number default="50.0" defaultValue="50.0" desc="The speed at which the bullets will move." dropdown="" fullname="Bullet Speed" hidden="false" id="2" name="_BulletSpeed" order="11"/>
        <actortype default="" defaultValue="" desc="The bullet actor type to create." dropdown="" fullname="Bullet Type" hidden="false" id="4" name="_BulletType" order="9"/>
        <number default="0.0" defaultValue="0.0" desc="The offset in the direction of movement at which the bullets will be created." dropdown="" fullname="Offset" hidden="false" id="9" name="_Offset" order="13"/>
        <control default="" defaultValue="" desc="" dropdown="" fullname="Fire Control" hidden="false" id="13" name="_FireControl" order="8"/>
        <boolean default="false" defaultValue="false" desc="If selected, the direction of movement for the bullets will be independent from the current direction of the actor." dropdown="" fullname="Absolute Direction" hidden="false" id="14" name="_AbsoluteDirection" order="12"/>
        <number default="0.0" defaultValue="0.0" desc="" dropdown="" fullname="Fire Direction" hidden="true" id="15" name="_FireDirection" order="2"/>
        <boolean default="true" defaultValue="true" desc="If selected, holding down the &lt;var&gt;Fire Control&lt;/var&gt; will fire bullets. &lt;br /&gt;&#10;&lt;br /&gt;&#10;You can also trigger the &lt;var&gt;FireBullet&lt;/var&gt; event to fire a bullet." dropdown="" fullname="Use Controls" hidden="false" id="16" name="_UseControls" order="7"/>
        <boolean default="true" defaultValue="true" desc="If selected, holding down the mouse will fire bullets." dropdown="" fullname="Use the Mouse" hidden="false" id="17" name="_UsetheMouse" order="6"/>
        <boolean default="false" defaultValue="false" desc="If selected, no more than &lt;var&gt;Maximum Bullets Alive&lt;/var&gt; can be alive at the same time." dropdown="" fullname="Limit Bullets Alive" hidden="false" id="18" name="_LimitBulletsAlive" order="15"/>
        <number default="1.0" defaultValue="1.0" desc="The maximum number of bullets to be alive at the same time. Only used if &lt;var&gt;Limit Bullets Alive&lt;/var&gt; is selected." dropdown="" fullname="Maximum Bullets Alive" hidden="false" id="19" name="_MaximumBulletsAlive" order="16"/>
        <number default="0.0" defaultValue="0.0" desc="" dropdown="" fullname="Bullets Alive" hidden="true" id="20" name="_BulletsAlive" order="3"/>
        <boolean default="false" defaultValue="false" desc="" dropdown="" fullname="Fire" hidden="true" id="21" name="_Fire" order="1"/>
        <boolean default="false" defaultValue="false" desc="" dropdown="" fullname="Wait" hidden="true" id="22" name="_Wait" order="4"/>
        <number default="3.0" defaultValue="3.0" desc="The maximum number of bullets created per second." dropdown="" fullname="Rate Of Fire" hidden="false" id="23" name="_RateOfFire" order="14"/>
        <number default="5.0" defaultValue="5.0" desc="The maximum ammunition the actor can have.&lt;br /&gt;&#10;Only used if &lt;var&gt;Use Ammunition&lt;/var&gt; is selected." dropdown="" fullname="Maximum Ammunition" hidden="false" id="24" name="_MaximumAmmunition" order="18"/>
        <number default="5.0" defaultValue="5.0" desc="The current ammunition the actor has when created.&lt;br /&gt;&#10;Only used if &lt;var&gt;Use Ammunition&lt;/var&gt; is selected.&lt;br/&gt;Trigger the &lt;var&gt;Reload&lt;/var&gt; event to set the current ammunition to the maximum ammunition." dropdown="" fullname="Current Ammunition" hidden="false" id="25" name="_CurrentAmmunition" order="19"/>
        <boolean default="false" defaultValue="false" desc="If selected, the current ammunition will be reduced by one on every shot." dropdown="" fullname="Use Ammunition" hidden="false" id="26" name="_UseAmmunition" order="17"/>
        <number default="12.0" defaultValue="12.0" desc="The number of bullets in a wave." dropdown="" fullname="Number of Bullets" hidden="false" id="27" name="_NumberofBullets" order="10"/>
        <number default="30.0" defaultValue="30.0" desc="" dropdown="" fullname="Bullet Spread" hidden="true" id="30" name="_BulletSpread" order="5"/>
        <blocks/>
        <events>
            <event displayName="FireBullet" enabled="true" id="6" name="event-custom" order="10" repeats="true"/>
            <event displayName="Updated" enabled="true" id="9" name="step" order="9" repeats="true"/>
            <event displayName="Reload" enabled="true" id="10" name="event-custom" order="11" repeats="true"/>
        </events>
    </snippet>
    <snippet actorid="18" attachedevent="true" class="scripts.ActorEvents_18" classname="scripts.ActorEvents_18" desc="Actor Specific Events" description="Actor Specific Events" design="true" drawOrder="0" id="6" name="ActorEvents_18" oid="-1" package="scripts." shared="false" type="actor">
        <blocks/>
        <events>
            <event displayName="Updating" enabled="true" id="1" name="step" order="1" repeats="true"/>
            <event displayName="Actor - Group" enabled="true" id="2" name="event-collide-actortogroup" order="2" repeats="true"/>
        </events>
    </snippet>
    <snippet attachedevent="false" class="scripts.Design_7_7_FollowTarget" classname="scripts.Design_7_7_FollowTarget" desc="Make the actor follow a given actor." description="Make the actor follow a given actor." design="true" drawOrder="0" id="7" name="Follow Target" oid="-1" package="scripts" shared="false" type="actor">
        <actor default="thisactor" defaultValue="thisactor" desc="" dropdown="" fullname="Actor" hidden="true" id="2147483647" name="actor" order="0"/>
        <actor default="" defaultValue="" desc="The target actor this actor will follow. &lt;br /&gt;&#10;If the target actor is unset or dead this behavior will do nothing." dropdown="" fullname="Target Actor" hidden="false" id="1" name="_TargetActor" order="7"/>
        <number default="0.0" defaultValue="0.0" desc="" dropdown="" fullname="Distance X" hidden="true" id="2" name="_DistanceX" order="1"/>
        <number default="0.0" defaultValue="0.0" desc="" dropdown="" fullname="Distance Y" hidden="true" id="3" name="_DistanceY" order="2"/>
        <number default="0.0" defaultValue="0.0" desc="" dropdown="" fullname="Distance" hidden="true" id="4" name="_Distance" order="3"/>
        <number default="0.0" defaultValue="0.0" desc="" dropdown="" fullname="Direction" hidden="true" id="5" name="_Direction" order="4"/>
        <number default="30.0" defaultValue="30.0" desc="The speed to move towards the target." dropdown="" fullname="Speed" hidden="false" id="6" name="_Speed" order="8"/>
        <number default="0.0" defaultValue="0.0" desc="The actor will not move closer to the target than this value." dropdown="" fullname="Margin" hidden="false" id="7" name="_Margin" order="9"/>
        <boolean default="true" defaultValue="true" desc="If selected, the actor will move faster if farther away from the target and slower if closer to to the target.&lt;br /&gt;&#10;If unselected, the actor will move towards the target at a constant speed as specified in the &lt;var&gt;Speed&lt;/var&gt; attribute." dropdown="" fullname="Easing" hidden="false" id="8" name="_Easing" order="11"/>
        <number default="5.0" defaultValue="5.0" desc="Only used when &lt;var&gt;Easing&lt;/var&gt; is selected.&lt;br /&gt;&#10;The actor will move at least at this speed. The actual speed depends on the distance to the target. The maximum speed is &lt;var&gt;Minimum Easing Speed&lt;/var&gt; plus &lt;var&gt;Speed&lt;/var&gt;. The actor will move at maximum speed if it is in the opposite diagonal corner of the target." dropdown="" fullname="Minimum Easing Speed" hidden="false" id="9" name="_MinimumEasingSpeed" order="12"/>
        <number default="0.0" defaultValue="0.0" desc="" dropdown="" fullname="Screen Diagonal" hidden="true" id="10" name="_ScreenDiagonal" order="5"/>
        <boolean default="true" defaultValue="true" desc="If selected, the actor will stop moving when colliding with the target actor.&lt;br /&gt;&#10;If unselected, the actor will instead continue to  and push the target around." dropdown="" fullname="Stop when Colliding" hidden="false" id="11" name="_StopwhenColliding" order="10"/>
        <boolean default="false" defaultValue="false" desc="" dropdown="" fullname="Collided" hidden="true" id="12" name="_Collided" order="6"/>
        <blocks/>
        <events>
            <event displayName="Updated" enabled="true" id="1" name="step" order="2" repeats="false"/>
            <event displayName="Created" enabled="true" id="2" name="init" order="1" repeats="true"/>
            <event displayName="Actor - Any" enabled="true" id="3" name="event-collide-actor" order="3" repeats="false"/>
        </events>
    </snippet>
    <snippet attachedevent="false" class="scripts.Design_8_8_HealthManager" classname="scripts.Design_8_8_HealthManager" desc="The Health Manager will track the Actor's current health, as well as provide blocks for healing and damaging the Actor.  It can also send messages to other behaviors to allow for a wide range of functionality." description="The Health Manager will track the Actor's current health, as well as provide blocks for healing and damaging the Actor.  It can also send messages to other behaviors to allow for a wide range of functionality." design="true" drawOrder="0" id="8" name="Health Manager" oid="-1" package="scripts" shared="false" type="actor">
        <actor default="thisactor" defaultValue="thisactor" desc="" dropdown="" fullname="Actor" hidden="true" id="2147483647" name="actor" order="0"/>
        <number default="3.0" defaultValue="3.0" desc="Amount of health to start with." dropdown="" fullname="Starting Health" hidden="false" id="1" name="_StartingHealth" order="2"/>
        <number default="3.0" defaultValue="3.0" desc="Maximum amount of health." dropdown="" fullname="Maximum Health" hidden="false" id="2" name="_MaximumHealth" order="3"/>
        <number default="3.0" defaultValue="3.0" desc="HIDDEN - Tracks the current amount of health." dropdown="" fullname="Current Health" hidden="true" id="3" name="_CurrentHealth" order="1"/>
        <text default="Healed" defaultValue="Healed" desc="Send this message to all behaviors when the Actor is healed by any amount.  Remove value to prevent a message from being sent." dropdown="" fullname="Healed Message" hidden="false" id="4" name="_HealedMessage" order="9"/>
        <text default="Damaged" defaultValue="Damaged" desc="Send this message to all behaviors when the Actor is damaged by any amount.  Remove the value to prevent a message from being sent." dropdown="" fullname="Damaged Message" hidden="false" id="5" name="_DamagedMessage" order="10"/>
        <text default="" defaultValue="" desc="What should we do when the health reaches zero?&lt;br&gt;&#10;1. Kill Actor&lt;br&gt;&#10;2. Do Nothing&lt;br&gt;" dropdown="Kill Actor=Kill&#10;Do Nothing=Nothing" fullname="Zero Health Action" hidden="false" id="7" name="_ZeroHealthAction" order="8"/>
        <boolean default="false" defaultValue="false" desc="" dropdown="" fullname="Invincible?" hidden="true" id="8" name="_Invincible" order="11"/>
        <number default="0.5" defaultValue="0.5" desc="How long should the Actor become temporarily invincible after being damaged?" dropdown="" fullname="Delay Between Damage" hidden="false" id="9" name="_DelayBetweenDamage" order="7"/>
        <boolean default="true" defaultValue="true" desc="" dropdown="" fullname="Can Be Damaged?" hidden="true" id="10" name="_CanBeDamaged" order="12"/>
        <boolean default="false" defaultValue="false" desc="Check this box if the Actor's health should persist (stay the same) from scene to scene.  " dropdown="" fullname="Persistent Health?" hidden="false" id="11" name="_PersistentHealth" order="4"/>
        <game-attribute default="" defaultValue="" desc="&lt;b&gt;Note:&lt;/b&gt; This option is only used if the &lt;b&gt;Persistent Health?&lt;/b&gt; box is checked.&#10;&lt;br&gt;&lt;br&gt;&#10;Select a &lt;font color=&quot;WHITE&quot;&gt;Game Attribute&lt;/font&gt; to track the health for this Actor.  Make sure the Attribute starts with a value of 0 (zero).  Do not use the same attribute for more than one Actor." dropdown="" fullname="Health Game Attribute" hidden="true" id="12" name="_HealthGameAttribute" order="6"/>
        <text default="" defaultValue="" desc="INTERNAL ATTRIBUTE: The name of the game attribute created within the behaviour." dropdown="" fullname="Health Identifier" hidden="true" id="13" name="_HealthIdentifier" order="5"/>
        <sound default="" defaultValue="" desc="Play this sound when the Actor is damaged." dropdown="" fullname="Damage Sound" hidden="false" id="14" name="_DamageSound" order="13"/>
        <sound default="" defaultValue="" desc="Play this sound when the Actor is killed." dropdown="" fullname="Death Sound" hidden="false" id="15" name="_DeathSound" order="14"/>
        <sound default="" defaultValue="" desc="Play this sound when the Actor is healed." dropdown="" fullname="Heal Sound" hidden="false" id="16" name="_HealSound" order="15"/>
        <boolean default="false" defaultValue="false" desc="" dropdown="" fullname="Spawned?" hidden="true" id="17" name="_Spawned" order="22"/>
        <number default="0.0" defaultValue="0.0" desc="Horizontal offset of the newly spawned actor from the original Actor." dropdown="" fullname="X Offset" hidden="false" id="18" name="xOffset" order="18"/>
        <number default="0.0" defaultValue="0.0" desc="Vertical offset of the newly spawned actor from the original Actor." dropdown="" fullname="Y Offset" hidden="false" id="19" name="yOffset" order="19"/>
        <actor default="" defaultValue="" desc="" dropdown="" fullname="Spawned Actor" hidden="true" id="20" name="_SpawnedActor" order="23"/>
        <number default="0.0" defaultValue="0.0" desc="How long should the actor stay alive before disappearing?  Leave at 0 to prevent the Actor from being removed." dropdown="" fullname="Lifespan" hidden="false" id="22" name="lifespan" order="21"/>
        <boolean default="false" defaultValue="false" desc="Should the actor spawn another actor on death? Useful for death effects such as explosions." dropdown="" fullname="Spawn Actor On Death" hidden="false" id="23" name="_SpawnActorOnDeath" order="16"/>
        <actortype default="" defaultValue="" desc="The actor type to spawn." dropdown="" fullname="Actor Type To Spawn" hidden="false" id="24" name="_ActorTypeToSpawn" order="17"/>
        <number default="0.0" defaultValue="0.0" desc="" dropdown="" fullname="Percent Left" hidden="true" id="25" name="_PercentLeft" order="38"/>
        <text default="" defaultValue="" desc="Actor space (relative to upper left coordinate of Actor), or Screen Space (where 0,0 is upper left of screen)?" dropdown="Actor Space=Actor&#10;Screen Space=Screen" fullname="Drawing Location" hidden="false" id="26" name="_DrawingLocation" order="25"/>
        <number default="0.0" defaultValue="0.0" desc="Horizontal offset in pixels" dropdown="" fullname="Health Bar X Offset" hidden="false" id="27" name="_HealthBarXOffset" order="29"/>
        <number default="1.0" defaultValue="1.0" desc="How many pixels should the outline be?  Set to 0 to prevent an outline from drawing." dropdown="" fullname="Health Bar Outline Size" hidden="false" id="28" name="_HealthBarOutlineSize" order="31"/>
        <number default="0.0" defaultValue="0.0" desc="Vertical offset in pixels" dropdown="" fullname="Health Bar Y Offset" hidden="false" id="29" name="_HealthBarYOffset" order="30"/>
        <number default="100.0" defaultValue="100.0" desc="In pixels" dropdown="" fullname="Health Bar Width" hidden="false" id="30" name="_HealthBarWidth" order="27"/>
        <number default="5.0" defaultValue="5.0" desc="In pixels" dropdown="" fullname="Health Bar Height" hidden="false" id="31" name="_HealthBarHeight" order="28"/>
        <text default="" defaultValue="" desc="Horizontal or Vertical?" dropdown="Horizontal=Horizontal&#10;Vertical=Vertical" fullname="Health Bar Orientation" hidden="false" id="32" name="_HealthBarOrientation" order="26"/>
        <color default="" defaultValue="" desc="Enter an outline colour that will display around the background of the health bar" dropdown="" fullname="Health Bar Outline Colour" hidden="false" id="39" name="_HealthBarOutlineColour" order="32"/>
        <color default="0,255,0,255" defaultValue="0,255,0,255" desc="Colour of the health bar when the health is over 75%." dropdown="" fullname="Colour Over 75%" hidden="false" id="41" name="_ColourOver75" order="34"/>
        <color default="255,255,0,255" defaultValue="255,255,0,255" desc="Colour of the health bar when the health is over 50%." dropdown="" fullname="Colour Over 50%" hidden="false" id="42" name="_ColourOver50" order="35"/>
        <color default="255,153,0,255" defaultValue="255,153,0,255" desc="Colour of the health bar when the health is over 25%." dropdown="" fullname="Colour Over 25%" hidden="false" id="43" name="_ColourOver25" order="36"/>
        <color default="255,0,0,255" defaultValue="255,0,0,255" desc="Colour of the health bar when the health is under 25%." dropdown="" fullname="Colour Under 25%" hidden="false" id="44" name="_ColourUnder25" order="37"/>
        <color default="" defaultValue="" desc="Background colour of the health bar." dropdown="" fullname="Health Bar Background Colour" hidden="false" id="45" name="_HealthBarBackgroundColour" order="33"/>
        <boolean default="true" defaultValue="true" desc="Whether a health bar should be drawn or not." dropdown="" fullname="Draw Health Bar" hidden="false" id="46" name="_DrawHealthBar" order="24"/>
        <blocks>
            <receiver blockID="23" id="1"/>
            <receiver blockID="24" id="2"/>
            <receiver blockID="22" id="3"/>
            <receiver blockID="27" id="4"/>
            <receiver blockID="26" id="5"/>
            <receiver blockID="20" id="6"/>
            <receiver blockID="21" id="7"/>
            <receiver blockID="25" id="8"/>
        </blocks>
        <events>
            <event displayName="Created" enabled="true" id="1" name="init" order="1" repeats="true"/>
            <event displayName="Heal" enabled="true" id="5" name="receiver-1-18" order="6" repeats="true"/>
            <event displayName="Damage" enabled="true" id="6" name="receiver-2-20" order="4" repeats="true"/>
            <event displayName="FullRestore" enabled="true" id="7" name="receiver-3-19" order="7" repeats="true"/>
            <event displayName="GetCurrentHealth" enabled="true" id="8" name="receiver-4-15" order="8" repeats="true"/>
            <event displayName="GetMaxHealth" enabled="true" id="9" name="receiver-5-14" order="9" repeats="true"/>
            <event displayName="SetInvincibility" enabled="true" id="10" name="receiver-6-17" order="10" repeats="true"/>
            <event displayName="SetHealth" enabled="true" id="11" name="receiver-7-16" order="11" repeats="true"/>
            <event displayName="GetInvincibility" enabled="true" id="12" name="receiver-8-13" order="12" repeats="true"/>
            <event displayName="UpdateGlobalHealth" enabled="true" id="13" name="receive-message" order="13" repeats="true"/>
            <event displayName="Updated" enabled="true" id="15" name="step" order="2" repeats="true"/>
            <event displayName="Drawing" enabled="true" id="16" name="draw" order="3" repeats="true"/>
            <event displayName="Death" enabled="true" id="18" name="event-custom" order="15" repeats="true"/>
        </events>
    </snippet>
    <snippet attachedevent="false" class="scripts.Design_10_10_FollowPath" classname="scripts.Design_10_10_FollowPath" desc="Make the actor follow a given path." description="Make the actor follow a given path." design="true" drawOrder="0" id="10" name="Follow Path" oid="-1" package="scripts" shared="false" type="actor">
        <actor default="thisactor" defaultValue="thisactor" desc="" dropdown="" fullname="Actor" hidden="true" id="2147483647" name="actor" order="0"/>
        <list default="list" defaultValue="list" desc="The list of coordinates for the nodes of the path. &lt;br /&gt;&lt;br /&gt;&#10;Each entry must be of type Text and must be one of the following formats:&lt;br /&gt;&#10;&lt;pre&gt;  &lt;var&gt;X,Y&lt;/var&gt;&lt;br /&gt;&lt;/pre&gt;&#10;or&lt;br /&gt;&#10;&lt;pre&gt;  &lt;var&gt;X,Y,Speed&lt;/var&gt;&lt;br /&gt;&lt;/pre&gt;&#10;&lt;var&gt;X&lt;/var&gt; and &lt;var&gt;Y&lt;/var&gt; are the scene coordinates of the node.&lt;br /&gt;&#10;&lt;var&gt;Speed&lt;/var&gt; is optional and is the speed to reach this node. If no &lt;var&gt;Speed&lt;/var&gt; is specified the &lt;var&gt;Default Speed&lt;/var&gt; will be used.&lt;br /&gt;&#10;You can use the custom blocks that come with this behavior to add nodes or clear the path.&#10;" dropdown="" fullname="Coordinates" hidden="false" id="1" name="_Coordinates" order="20"/>
        <number default="0.0" defaultValue="0.0" desc="" dropdown="" fullname="X" hidden="true" id="2" name="_X" order="1"/>
        <number default="0.0" defaultValue="0.0" desc="" dropdown="" fullname="Y" hidden="true" id="3" name="_Y" order="2"/>
        <list default="list" defaultValue="list" desc="" dropdown="" fullname="XY" hidden="true" id="4" name="_XY" order="5"/>
        <number default="0.0" defaultValue="0.0" desc="" dropdown="" fullname="Previous X" hidden="true" id="5" name="_PreviousX" order="3"/>
        <number default="0.0" defaultValue="0.0" desc="" dropdown="" fullname="Previous Y" hidden="true" id="6" name="_PreviousY" order="4"/>
        <boolean default="false" defaultValue="false" desc="" dropdown="" fullname="First" hidden="true" id="7" name="_First" order="6"/>
        <boolean default="true" defaultValue="true" desc="If selected, the actor will continue to move to the first node after reaching the last node.&lt;br /&gt;&#10;If unselected, the actor will stop after reaching the last node." dropdown="" fullname="Loop" hidden="false" id="8" name="_Loop" order="22"/>
        <number default="0.0" defaultValue="0.0" desc="" dropdown="" fullname="First X" hidden="true" id="9" name="_FirstX" order="7"/>
        <number default="0.0" defaultValue="0.0" desc="" dropdown="" fullname="First Y" hidden="true" id="10" name="_FirstY" order="8"/>
        <number default="0.0" defaultValue="0.0" desc="" dropdown="" fullname="Distance X" hidden="true" id="12" name="_DistanceX" order="9"/>
        <number default="0.0" defaultValue="0.0" desc="" dropdown="" fullname="Distance Y" hidden="true" id="13" name="_DistanceY" order="10"/>
        <number default="0.0" defaultValue="0.0" desc="" dropdown="" fullname="Distance" hidden="true" id="14" name="_Distance" order="11"/>
        <number default="0.0" defaultValue="0.0" desc="" dropdown="" fullname="Direction" hidden="true" id="15" name="_Direction" order="12"/>
        <number default="10.0" defaultValue="10.0" desc="The default speed to reach any node." dropdown="" fullname="Default Speed" hidden="false" id="17" name="_DefaultSpeed" order="21"/>
        <number default="0.0" defaultValue="0.0" desc="" dropdown="" fullname="Current Node" hidden="true" id="18" name="_CurrentNode" order="13"/>
        <number default="0.0" defaultValue="0.0" desc="" dropdown="" fullname="Current Speed" hidden="true" id="19" name="_CurrentSpeed" order="14"/>
        <boolean default="true" defaultValue="true" desc="If selected and the actor's position is different from the first node of the path, the actor will jump immediately to the first node.&lt;br /&gt;&#10;If unselected, the actor will instead move at the given speed to the first node." dropdown="" fullname="Jump to Start" hidden="false" id="23" name="_JumptoStart" order="23"/>
        <blocks>
            <receiver blockID="15" id="1"/>
            <receiver blockID="15" id="2"/>
            <receiver blockID="16" id="3"/>
            <receiver blockID="17" id="4"/>
            <receiver blockID="31" id="5"/>
            <receiver blockID="30" id="6"/>
            <receiver blockID="32" id="7"/>
        </blocks>
        <events>
            <event displayName="Custom Block" enabled="true" id="16" name="event-custom-block" order="3" repeats="true"/>
            <event displayName="Custom Block" enabled="true" id="17" name="event-custom-block" order="16" repeats="true"/>
            <event displayName="Drawing" enabled="true" id="1" name="draw" order="18" repeats="true"/>
            <event displayName="Updated" enabled="true" id="2" name="step" order="2" repeats="true"/>
            <event displayName="Custom Block" enabled="true" id="18" name="event-custom-block" order="17" repeats="true"/>
            <event displayName="Created" enabled="true" id="3" name="init" order="1" repeats="true"/>
        </events>
    </snippet>
    <snippet attachedevent="true" class="scripts.SceneEvents_1" classname="scripts.SceneEvents_1" desc="Scene Specific Events" description="Scene Specific Events" design="true" drawOrder="0" id="11" name="SceneEvents_1" oid="-1" package="scripts." sceneid="1" shared="false" type="scene">
        <blocks/>
        <events>
            <event displayName="Drawing" enabled="true" id="1" name="draw" order="1" repeats="true"/>
        </events>
    </snippet>
</pack>
