<?xml version="1.0" encoding="UTF-8" standalone="no"?>
<scene depth="5" desc="" eventsnippetid="0" extheight="704" extwidth="1024" extx="-32" exty="-32" format="3.4.0" gravx="-0.0" gravy="0.0" height="640" id="0" name="Fase inicial" revision="" savecount="0" tiled="1" tileh="32" tilew="32" type="standard" width="960">
    <layers>
        <color-bg blue="255" green="255" red="255"/>
        <layer blendMode="normal" color="100,168,234" id="0" locked="false" name="Background" opacity="100" order="4" scrollFactorX="1.0" scrollFactorY="1.0" visible="true"/>
        <layer blendMode="normal" color="64,64,64" id="2" locked="false" name="Actors" opacity="100" order="3" scrollFactorX="1.0" scrollFactorY="1.0" visible="true"/>
        <layer blendMode="normal" color="0,255,0" id="1" locked="false" name="Tiles" opacity="100" order="2" scrollFactorX="1.0" scrollFactorY="1.0" visible="true"/>
        <layer blendMode="normal" color="255,175,175" id="4" locked="false" name="Tiles 2" opacity="100" order="1" scrollFactorX="1.0" scrollFactorY="1.0" visible="true"/>
        <layer blendMode="normal" color="255,0,255" id="3" locked="false" name="Player" opacity="100" order="0" scrollFactorX="1.0" scrollFactorY="1.0" visible="true"/>
    </layers>
    <joints/>
    <regions>
        <region b="0" g="255" h="182" id="0" name="trees" pts="4,894.0,0.0,894.0,182.0,0.0,182.0,0.0,0.0" r="0" type="box" w="894" x="1" y="457"/>
    </regions>
    <terrainRegions/>
    <actors>
        <actor a="0.0" aid="1" c="false" group="3" id="14" name="Goal 1" sx="1.0" sy="1.0" x="464" y="238" z="2"/>
        <actor a="0.0" aid="2" c="false" group="0" id="12" name="Arvore 2" sx="1.0" sy="1.0" x="493" y="391" z="3"/>
    </actors>
    <snippets/>
    <terrain>
        <p pts="4,96.0,16.0,96.0,0.0,0.0,0.0,0.0,16.0" x="32.0" y="48.0"/>
        <p pts="4,0.0,0.0,0.0,16.0,96.0,16.0,96.0,0.0" x="160.0" y="80.0"/>
        <p pts="4,96.0,16.0,96.0,0.0,0.0,0.0,0.0,16.0" x="32.0" y="80.0"/>
        <p pts="4,96.0,16.0,96.0,0.0,0.0,0.0,0.0,16.0" x="32.0" y="16.0"/>
        <p pts="4,0.0,16.0,64.0,16.0,64.0,0.0,0.0,0.0" x="128.0" y="400.0"/>
        <p pts="100,928.0,608.0,960.0,608.0,960.0,624.0,928.0,624.0,928.0,640.0,800.0,640.0,800.0,624.0,0.0,624.0,0.0,608.0,800.0,608.0,800.0,592.0,0.0,592.0,0.0,576.0,800.0,576.0,800.0,560.0,0.0,560.0,0.0,544.0,800.0,544.0,800.0,528.0,0.0,528.0,0.0,512.0,800.0,512.0,800.0,496.0,0.0,496.0,0.0,0.0,960.0,0.0,960.0,16.0,768.0,16.0,768.0,32.0,960.0,32.0,960.0,48.0,768.0,48.0,768.0,64.0,960.0,64.0,960.0,80.0,928.0,80.0,928.0,96.0,960.0,96.0,960.0,112.0,928.0,112.0,928.0,128.0,960.0,128.0,960.0,144.0,928.0,144.0,928.0,160.0,960.0,160.0,960.0,176.0,928.0,176.0,928.0,192.0,960.0,192.0,960.0,208.0,928.0,208.0,928.0,224.0,960.0,224.0,960.0,240.0,928.0,240.0,928.0,256.0,960.0,256.0,960.0,272.0,928.0,272.0,928.0,288.0,960.0,288.0,960.0,304.0,928.0,304.0,928.0,320.0,960.0,320.0,960.0,336.0,928.0,336.0,928.0,352.0,960.0,352.0,960.0,368.0,928.0,368.0,928.0,384.0,960.0,384.0,960.0,400.0,928.0,400.0,928.0,416.0,960.0,416.0,960.0,432.0,928.0,432.0,928.0,448.0,960.0,448.0,960.0,464.0,928.0,464.0,928.0,480.0,960.0,480.0,960.0,496.0,928.0,496.0,928.0,512.0,960.0,512.0,960.0,528.0,928.0,528.0,928.0,544.0,960.0,544.0,960.0,560.0,928.0,560.0,928.0,576.0,960.0,576.0,960.0,592.0,928.0,592.0" x="0.0" y="0.0"/>
        <p pts="4,96.0,16.0,96.0,0.0,0.0,0.0,0.0,16.0" x="160.0" y="16.0"/>
        <p pts="4,64.0,16.0,64.0,0.0,0.0,0.0,0.0,16.0" x="128.0" y="336.0"/>
        <p pts="4,64.0,16.0,64.0,0.0,0.0,0.0,0.0,16.0" x="128.0" y="368.0"/>
        <p pts="4,0.0,0.0,0.0,16.0,96.0,16.0,96.0,0.0" x="160.0" y="48.0"/>
    </terrain>
    <atlases members="" retainAtlases="true"/>
</scene>
